video_id,channel,status,timestamp
HHy01HMSQmc,DevOops_conf,no_subs,2025-07-30T21:32:40.612098
r5BsyQWYgUo,DevOops_conf,no_subs,2025-07-30T21:32:49.137154
RfjoRMFl598,DevOops_conf,no_subs,2025-07-30T21:32:57.933641
Cp7zZBftGco,DevOops_conf,no_subs,2025-07-30T21:33:06.739651
awAqh8v0_EE,DevOops_conf,success,2025-07-30T21:33:14.178829
lc95pkCNyrE,DevOops_conf,success,2025-07-30T21:33:22.342491
hVad9SUd9hY,DevOops_conf,success,2025-07-30T21:33:31.850794
72wxPffzNvk,DevOops_conf,success,2025-07-30T21:33:42.143690
zZoY0TTvyjs,DevOops_conf,success,2025-07-30T21:33:52.032929
CmXy8pUNjgU,DevOops_conf,error,2025-07-30T21:34:02.508398
bc5DGJKcuME,DevOops_conf,error,2025-07-30T21:34:43.258827
577eDl_b7a0,DevOops_conf,error,2025-07-30T21:34:53.191285
2YF48jGlJRg,DevOops_conf,error,2025-07-30T21:35:02.305993
vbT-XwjewLQ,DevOops_conf,error,2025-07-30T21:35:10.899550
De1BBXB4dSI,DevOops_conf,error,2025-07-30T21:35:18.074988
qd6i6TlVs_A,DevOops_conf,error,2025-07-30T21:35:29.097383
BGwt_T1UV9Y,DevOops_conf,error,2025-07-30T21:35:39.170669
p7ahVxGIUes,DevOops_conf,error,2025-07-30T21:35:49.233364
kB9cxwc0cyw,DevOops_conf,error,2025-07-30T21:35:58.624678
yZAmZtMw6UI,DevOops_conf,success,2025-07-30T21:36:09.669902
5pUcOT4diHU,DevOops_conf,no_subs,2025-07-30T21:37:15.394591
Kgm7oQVn02o,DevOops_conf,success,2025-07-30T21:37:22.554565
F947gnoRIRw,DevOops_conf,success,2025-07-30T21:37:30.403807
KBMNFGXK_nM,DevOops_conf,no_subs,2025-07-30T21:37:40.307092
ZAsyfivg4iA,DevOops_conf,no_subs,2025-07-30T21:37:47.594491
IZTPI-97LHk,DevOops_conf,no_subs,2025-07-30T21:37:55.825575
B7YJSybQOcg,DevOops_conf,no_subs,2025-07-30T21:38:05.695157
Wjl2QzJmwbQ,DevOops_conf,no_subs,2025-07-30T21:38:14.242002
S9Alq028EDM,DevOops_conf,success,2025-07-30T21:38:23.791025
EleUn3Tub1Y,DevOops_conf,success,2025-07-30T21:38:33.199026
oS2FaPGcKko,DevOops_conf,success,2025-07-30T21:39:39.757012
nXcQW74cm4w,DevOops_conf,no_subs,2025-07-30T21:39:50.058836
cQjfo2Iz8fY,DevOops_conf,no_subs,2025-07-30T21:39:56.922352
2bD3vs7iif4,DevOops_conf,success,2025-07-30T21:40:03.343162
Qjst2Uac8R8,DevOops_conf,no_subs,2025-07-30T21:40:12.373259
-7qagbz9vrE,DevOops_conf,no_subs,2025-07-30T21:40:18.523179
nBWRIlnszmY,DevOops_conf,success,2025-07-30T21:40:28.820288
fshZqHjc-ME,DevOops_conf,success,2025-07-30T21:40:38.813553
wRBOpkgf-2Y,DevOops_conf,success,2025-07-30T21:40:48.100648
_8fYllAs7vQ,DevOops_conf,success,2025-07-30T21:40:55.770692
avTJqlOmhUA,DevOops_conf,success,2025-07-30T21:41:56.817850
wJfFHKoF4Fs,DevOops_conf,no_subs,2025-07-30T21:42:07.643003
mBZtLke7roc,DevOops_conf,success,2025-07-30T21:42:14.805589
SCGNs6GxD2E,DevOops_conf,success,2025-07-30T21:42:24.757243
e7tIkMiutbo,DevOops_conf,success,2025-07-30T21:42:32.844459
0EDIv3zNaeo,DevOops_conf,success,2025-07-30T21:42:43.692020
-kq832Othh4,DevOops_conf,success,2025-07-30T21:42:52.018148
VZ4shhsip7s,DevOops_conf,success,2025-07-30T21:43:01.212322
Vt4BE3-El8k,DevOops_conf,success,2025-07-30T21:43:09.375733
1AE0V9gpCt4,DevOops_conf,success,2025-07-30T21:43:18.274884
4W5jTawCDlE,DevOops_conf,success,2025-07-30T21:48:07.074357
0-BAmdZ9MWU,DevOops_conf,success,2025-07-30T21:48:18.342621
9zLpNqClz54,DevOops_conf,success,2025-07-30T21:48:28.630947
pGmORvDwlSE,DevOops_conf,success,2025-07-30T21:48:41.511415
kCovd06lirk,DevOops_conf,success,2025-07-30T21:48:52.415252
gV5sXhjFctc,DevOops_conf,no_subs,2025-07-30T21:49:03.756841
DYtev0zqgEA,DevOops_conf,success,2025-07-30T21:49:11.079023
BXPlT9xvvgE,DevOops_conf,no_subs,2025-07-30T21:53:02.635179
735vKkrMc5k,DevOops_conf,success,2025-07-30T21:53:13.914269
y8l41yZwHzY,DevOops_conf,success,2025-07-30T21:53:27.420592
wzmpIjWy95U,DevOops_conf,no_subs,2025-07-30T21:54:18.297152
vTLHuyYAswo,DevOops_conf,error,2025-07-30T21:54:27.027430
ib53GbOh0Fw,DevOops_conf,error,2025-07-30T21:54:35.212001
ib3I2uX9wag,DevOops_conf,error,2025-07-30T21:54:43.027778
gdhUGbyJopI,DevOops_conf,error,2025-07-30T21:54:52.448668
a4gBRrhba0c,DevOops_conf,error,2025-07-30T21:55:02.727476
_Sn_5soElhM,DevOops_conf,no_subs,2025-07-30T21:55:10.930739
LC2nDOOVDbQ,DevOops_conf,error,2025-07-30T21:55:19.424243
GhbzrmndHLk,DevOops_conf,error,2025-07-30T21:55:28.974697
EQ5NFBTIlQI,DevOops_conf,error,2025-07-30T21:55:37.740344
DYS-obUX_V0,DevOops_conf,no_subs,2025-07-30T21:56:22.839605
A1DDPXkUTiQ,DevOops_conf,no_subs,2025-07-30T21:56:31.351418
6FvSUdGiiVM,DevOops_conf,success,2025-07-30T21:56:39.282383
o4GWLNZ3Zm0,DevOops_conf,success,2025-07-30T21:56:46.943249
nNFmeX3apns,DevOops_conf,no_subs,2025-07-30T21:56:54.971489
mt99h76Y4ME,DevOops_conf,no_subs,2025-07-30T21:57:01.928024
alHr2r12dDw,DevOops_conf,no_subs,2025-07-30T21:57:09.142867
ZEMvNol1MB0,DevOops_conf,success,2025-07-30T21:57:18.129166
VPld1F4yz38,DevOops_conf,no_subs,2025-07-30T21:57:25.700501
TNxBjOSh9Mo,DevOops_conf,no_subs,2025-07-30T21:57:35.580532
H3MzuYgk910,DevOops_conf,no_subs,2025-07-30T21:58:32.418207
ExyKyyJe7qk,DevOops_conf,no_subs,2025-07-30T21:58:42.755871
6rzzE_MACME,DevOops_conf,no_subs,2025-07-30T21:58:51.498931
32IVzNo0rwM,DevOops_conf,success,2025-07-30T21:58:59.128438
v_sbK_4qLWk,DevOops_conf,success,2025-07-30T21:59:07.854138
SER33XdqUAk,DevOops_conf,no_subs,2025-07-30T21:59:17.840197
U56FBwMmTIE,DevOops_conf,success,2025-07-30T21:59:24.973432
oBOiP6_g7Sc,DevOops_conf,success,2025-07-30T21:59:32.351190
l_qOY7TOXQc,DevOops_conf,no_subs,2025-07-30T21:59:38.569359
_NUInsOGuWc,DevOops_conf,no_subs,2025-07-30T21:59:48.419135
5nS6WFTCGmY,DevOops_conf,success,2025-07-30T22:00:32.945996
wxZUk5N8Iks,DevOops_conf,success,2025-07-30T22:00:42.556766
vmDlEsnzs3Y,DevOops_conf,success,2025-07-30T22:00:51.162022
tbl5qDCu4nM,DevOops_conf,no_subs,2025-07-30T22:01:00.856185
nC_giRGIBOA,DevOops_conf,no_subs,2025-07-30T22:01:09.745901
kkpFvFyE48k,DevOops_conf,error,2025-07-30T22:01:18.911502
kTc4W5XOC3g,DevOops_conf,error,2025-07-30T22:01:29.527024
bv-_mS2NEpw,DevOops_conf,no_subs,2025-07-30T22:01:38.780995
O7JSB9p4NnU,DevOops_conf,error,2025-07-30T22:01:49.154119
KOTSsJJW17Y,DevOops_conf,error,2025-07-30T22:01:57.543616
FwbZuRMdO94,DevOops_conf,no_subs,2025-07-30T22:03:06.064604
D_i6xt7VSZ8,DevOops_conf,success,2025-07-30T22:03:14.656831
CZPDrFSyUOc,DevOops_conf,success,2025-07-30T22:03:23.607886
5JdqmEGKC9I,DevOops_conf,success,2025-07-30T22:03:30.462958
1kz7ZBlMVik,DevOops_conf,success,2025-07-30T22:03:37.083228
1Wf2-KPjIrI,DevOops_conf,no_subs,2025-07-30T22:03:43.142188
nQd209e9eCY,DevOops_conf,success,2025-07-30T22:03:52.814928
jRslv8K6ML8,DevOops_conf,no_subs,2025-07-30T22:04:02.824457
V5Yczez99pU,DevOops_conf,no_subs,2025-07-30T22:04:11.095497
icbKvpdvyB4,DevOops_conf,success,2025-07-30T22:04:21.453113
3FioTvXz7QM,DevOops_conf,error,2025-07-30T22:05:10.498153
VSgAcpRTCdA,DevOops_conf,success,2025-07-30T22:05:20.495599
YZIG-xbNgWk,DevOops_conf,no_subs,2025-07-30T22:05:29.700822
lseEXrPZG3k,DevOops_conf,no_subs,2025-07-30T22:05:38.600808
BiibF8Wu1lg,DevOops_conf,success,2025-07-30T22:05:49.327615
Mk3kl_8YdD0,DevOops_conf,success,2025-07-30T22:05:56.566431
0xkNkEvDG1w,DevOops_conf,success,2025-07-30T22:06:04.258325
8iSubpC10_Q,DevOops_conf,success,2025-07-30T22:06:14.282673
SGkskp-6c4s,DevOops_conf,success,2025-07-30T22:06:22.506280
M3HTM81P-Sg,DevOops_conf,success,2025-07-30T22:06:30.432231
1bqazmFXdLM,DevOops_conf,success,2025-07-30T22:07:38.912187
n7Te9WIz1ho,DevOops_conf,success,2025-07-30T22:07:48.044085
iz-X41p_BN4,DevOops_conf,success,2025-07-30T22:07:57.713110
E_zNFJL_8eQ,DevOops_conf,success,2025-07-30T22:08:07.143695
6yCzBE6I1lU,DevOops_conf,success,2025-07-30T22:08:16.013773
KSIhUogcOqU,DevOops_conf,success,2025-07-30T22:08:25.308915
3OLqVzIzp0U,DevOops_conf,no_subs,2025-07-30T22:08:33.343605
a5OTIoqoB_4,DevOops_conf,no_subs,2025-07-30T22:08:41.185768
74L7LhVAHqw,DevOops_conf,no_subs,2025-07-30T22:08:50.184029
XYD1UfsIHRg,DevOops_conf,success,2025-07-30T22:09:01.017656
SZSnpYiOk4Y,DevOops_conf,error,2025-07-30T22:10:02.951122
r7bb1jv4I1A,DevOops_conf,error,2025-07-30T22:10:09.883313
s1GvxZIO27Y,DevOops_conf,error,2025-07-30T22:10:19.967145
QoCSvwkP_lQ,DevOops_conf,error,2025-07-30T22:10:29.468732
XHhyykKCBao,DevOops_conf,no_subs,2025-07-30T22:10:37.355128
oVNpbJximrI,DevOops_conf,error,2025-07-30T22:10:47.798817
Ourz8tRtIfU,DevOops_conf,error,2025-07-30T22:10:56.323818
WFua5oNCmGk,DevOops_conf,no_subs,2025-07-30T22:11:04.831638
7whNnuMC2p4,DevOops_conf,no_subs,2025-07-30T22:11:13.562419
TZj4Ik6ZaEo,DevOops_conf,success,2025-07-30T22:11:22.000755
IpJgL-VRyaM,DevOops_conf,success,2025-07-30T22:12:24.856556
GvdoHGrYUng,DevOops_conf,no_subs,2025-07-30T22:12:33.057619
rRfcBtd-D9Y,DevOops_conf,no_subs,2025-07-30T22:12:41.977636
x-c6YvzRPys,DevOops_conf,no_subs,2025-07-30T22:12:48.910368
WSiCZ6v35gw,DevOops_conf,no_subs,2025-07-30T22:12:58.077112
9p4Hu2iz7os,DevOops_conf,no_subs,2025-07-30T22:13:06.260048
Qx2N6EDIIow,DevOops_conf,no_subs,2025-07-30T22:13:16.532615
t_tk-Ewp4V0,DevOops_conf,success,2025-07-30T22:13:26.157523
vEO9RLzAa_4,DevOops_conf,success,2025-07-30T22:13:35.514944
23H5wCJXqPo,DevOops_conf,success,2025-07-30T22:13:45.343909
E6O_TU_twf8,DevOops_conf,success,2025-07-30T22:14:48.536623
UkP0PGMbWxY,DevOops_conf,success,2025-07-30T22:14:58.743325
ZsAwuffrTT4,DevOops_conf,success,2025-07-30T22:15:08.429811
By-DEHiH5mg,DevOops_conf,success,2025-07-30T22:15:17.167657
e7FmABKOXLU,DevOops_conf,no_subs,2025-07-30T22:15:26.635737
WSNJU7RYhC4,DevOops_conf,success,2025-07-30T22:15:33.596101
ZWyjxjDeUvg,DevOops_conf,success,2025-07-30T22:15:43.464086
wiCKL2SrDM0,DevOops_conf,success,2025-07-30T22:15:50.739480
FJvl13EYtBU,DevOops_conf,no_subs,2025-07-30T22:16:00.675001
u9Yi9VAO0Ec,DevOops_conf,no_subs,2025-07-30T22:16:07.635750
FAyTAMjcCbI,DevOops_conf,success,2025-07-30T22:16:59.801208
g6urcYnbXFI,DevOops_conf,no_subs,2025-07-30T22:17:06.256808
RnBXQpo6Mjs,DevOops_conf,no_subs,2025-07-30T22:17:13.107385
74bqTSmSI4E,DevOops_conf,success,2025-07-30T22:17:23.113656
LEWcySTSHNU,DevOops_conf,no_subs,2025-07-30T22:17:29.230101
_zbUlDkLVok,DevOops_conf,success,2025-07-30T22:17:38.819479
oplbmUaLUBw,DevOops_conf,no_subs,2025-07-30T22:17:46.281893
eJShMFzDV6g,DevOops_conf,success,2025-07-30T22:17:56.264002
3BMTNx2xCtQ,DevOops_conf,success,2025-07-30T22:18:03.413343
HiPSp2xf0yo,DevOops_conf,success,2025-07-30T22:18:10.936979
PkdMDbK7Q_s,HighLoadChannel,success,2025-07-30T22:18:54.331022
FqUHyYPAzBo,HighLoadChannel,success,2025-07-30T22:19:04.372971
-RMj2R6g7NY,HighLoadChannel,success,2025-07-30T22:19:11.918550
EEi0eO8ztaY,HighLoadChannel,success,2025-07-30T22:19:21.924417
Jn1HSRnfE7A,HighLoadChannel,success,2025-07-30T22:19:29.608290
tYXvr7BWULQ,HighLoadChannel,success,2025-07-30T22:19:37.924477
eZGW7TMt0W8,HighLoadChannel,success,2025-07-30T22:19:47.480071
jaL3Me7LLrs,HighLoadChannel,success,2025-07-30T22:19:55.024498
rQ4zCdkT_58,HighLoadChannel,success,2025-07-30T22:20:04.811435
edDnOYfDMHo,HighLoadChannel,success,2025-07-30T22:20:13.609104
UMXuKvCT7P8,HighLoadChannel,success,2025-07-30T22:20:55.814408
JPW3hw_eFaE,HighLoadChannel,error,2025-07-30T22:21:05.072696
KBEVw7B_zaA,HighLoadChannel,error,2025-07-30T22:21:14.608946
e5sBhPlVmEM,HighLoadChannel,error,2025-07-30T22:21:24.278472
jZc3UfRNtXg,HighLoadChannel,error,2025-07-30T22:21:33.502265
XWEDvNtjmVc,HighLoadChannel,error,2025-07-30T22:21:42.731324
zLj_k-dETEI,HighLoadChannel,error,2025-07-30T22:21:51.878966
tQkUx5Zp_VM,HighLoadChannel,error,2025-07-30T22:21:58.993629
YiV6rLvBk78,HighLoadChannel,error,2025-07-30T22:22:07.185173
eZg5LO6BssQ,HighLoadChannel,error,2025-07-30T22:22:14.970970
LqtFz7oitM0,HighLoadChannel,error,2025-07-30T22:23:22.951296
OEd2Vwc6PMQ,HighLoadChannel,success,2025-07-30T22:23:31.514375
bo0hMGAfZpw,HighLoadChannel,success,2025-07-30T22:23:40.236865
SJD_T8O_s_4,HighLoadChannel,success,2025-07-30T22:23:50.482114
ZycJtSt_zZc,HighLoadChannel,success,2025-07-30T22:23:59.718800
8jtAUQYcUYI,HighLoadChannel,success,2025-07-30T22:24:07.812721
b8rs9_r498k,HighLoadChannel,success,2025-07-30T22:24:17.215464
NP6PDQMkg9c,HighLoadChannel,success,2025-07-30T22:24:27.284031
W_BMV0sRdrY,HighLoadChannel,success,2025-07-30T22:24:37.057929
XFCv4gP7kdA,HighLoadChannel,success,2025-07-30T22:24:46.562904
WpvhUz9e1nM,HighLoadChannel,success,2025-07-30T22:25:24.959596
YRjJZ93GMPk,HighLoadChannel,success,2025-07-30T22:25:31.564809
hQpYm9A0MCo,HighLoadChannel,success,2025-07-30T22:25:40.560911
6l64n8t8Ivs,HighLoadChannel,success,2025-07-30T22:25:47.641257
tbv4lyIkBl0,HighLoadChannel,success,2025-07-30T22:25:58.126755
d7-g0sPl6js,HighLoadChannel,success,2025-07-30T22:26:08.719949
o9f_EATgkqk,HighLoadChannel,success,2025-07-30T22:26:19.330717
N9hEynzsXNo,HighLoadChannel,success,2025-07-30T22:26:29.175644
-JmH9z4pnXA,HighLoadChannel,success,2025-07-30T22:26:36.474343
o38bFX8zQy4,HighLoadChannel,success,2025-07-30T22:26:46.385084
uaer5xPwxJc,HighLoadChannel,success,2025-07-30T22:27:28.706898
3vRkFNgjCwU,HighLoadChannel,success,2025-07-30T22:27:37.678227
NHEPUzr3nBs,HighLoadChannel,error,2025-07-30T22:27:47.770556
iOfR0YtaWMc,HighLoadChannel,error,2025-07-30T22:27:58.031230
-UHe8hvTgRQ,HighLoadChannel,error,2025-07-30T22:28:06.331939
KxZ3hPFrUYQ,HighLoadChannel,error,2025-07-30T22:28:14.606382
HIyXcpbsXTw,HighLoadChannel,error,2025-07-30T22:28:23.921787
95kb8LHu5rU,HighLoadChannel,error,2025-07-30T22:28:33.141604
DtvjO9TYulg,HighLoadChannel,error,2025-07-30T22:28:42.303352
RuOlyao1epg,HighLoadChannel,error,2025-07-30T22:28:52.486530
Q1Im02LisIA,HighLoadChannel,error,2025-07-30T22:29:31.010518
H2tqs1wvJi0,HighLoadChannel,success,2025-07-30T22:29:41.460950
neeRqwmAkgs,HighLoadChannel,success,2025-07-30T22:29:51.174952
ezf2gdeb1nI,HighLoadChannel,success,2025-07-30T22:29:57.778538
b8e5_4pg6B4,HighLoadChannel,success,2025-07-30T22:30:07.950932
O5GvVLinMWc,HighLoadChannel,success,2025-07-30T22:30:16.787182
EqOUdxZAtmk,HighLoadChannel,success,2025-07-30T22:30:25.610631
0nwfK-WAWQE,HighLoadChannel,success,2025-07-30T22:30:32.686625
J_6lGoB2u0A,HighLoadChannel,success,2025-07-30T22:30:41.924907
9zNVXDGOgmk,HighLoadChannel,success,2025-07-30T22:30:49.027816
hQBmJ9h4mt4,HighLoadChannel,success,2025-07-30T22:31:27.702043
09cLSD5k0HE,HighLoadChannel,success,2025-07-30T22:31:35.421542
JGOOKcq-an8,HighLoadChannel,error,2025-07-30T22:31:46.703349
lUQLI6mAmZA,HighLoadChannel,error,2025-07-30T22:31:53.823367
lLnzbtxdSag,HighLoadChannel,success,2025-07-30T22:32:02.361802
F-6e6sfLvSc,HighLoadChannel,success,2025-07-30T22:32:12.140977
iY7kgGADSks,HighLoadChannel,success,2025-07-30T22:32:21.742886
jAJU554Dhw8,HighLoadChannel,success,2025-07-30T22:32:32.319930
LsWQdfHMsXE,HighLoadChannel,success,2025-07-30T22:32:42.741158
3bmlhuuXN6A,HighLoadChannel,success,2025-07-30T22:32:49.875136
vx3H6BpyOng,HighLoadChannel,success,2025-07-30T22:33:49.989779
Fr3HzfUZA9A,HighLoadChannel,success,2025-07-30T22:33:58.517677
pwn1Pl7d3n8,HighLoadChannel,success,2025-07-30T22:34:06.927747
SF5tEUpQA3U,HighLoadChannel,success,2025-07-30T22:34:17.356216
aR74NE7t8Ww,HighLoadChannel,success,2025-07-30T22:34:26.347091
jFMbBHIEmWU,HighLoadChannel,success,2025-07-30T22:34:34.537321
MrIZ-mBziLE,HighLoadChannel,success,2025-07-30T22:34:45.356586
jlcw5yy00ic,HighLoadChannel,success,2025-07-30T22:34:52.901356
8IF0bmow758,HighLoadChannel,success,2025-07-30T22:35:02.406976
c5YmzfagtmM,HighLoadChannel,success,2025-07-30T22:35:13.378309
byexwNb37sQ,HighLoadChannel,success,2025-07-30T22:35:57.923066
kjuKdZHOleo,HighLoadChannel,success,2025-07-30T22:36:05.172489
pN7Wcs9ej7o,HighLoadChannel,success,2025-07-30T22:36:12.891980
Hk__XSW9Tns,HighLoadChannel,success,2025-07-30T22:36:19.997952
bFj063mBAkg,HighLoadChannel,error,2025-07-30T22:36:29.436046
m3iTAMBSR5k,HighLoadChannel,error,2025-07-30T22:36:40.014085
bLBbzdKCheM,HighLoadChannel,error,2025-07-30T22:36:49.311743
z4EvhdwHqgc,HighLoadChannel,error,2025-07-30T22:36:59.239927
EABou64MgCo,HighLoadChannel,error,2025-07-30T22:37:09.018531
BFNRz5l6PrA,HighLoadChannel,error,2025-07-30T22:37:18.966623
Ji7vOYsvPcY,HighLoadChannel,error,2025-07-30T22:38:22.144480
cwl3AjB3jQs,HighLoadChannel,error,2025-07-30T22:38:31.377520
vgUOVMnVZoY,HighLoadChannel,success,2025-07-30T22:38:39.770482
DllZX8D3RqU,HighLoadChannel,success,2025-07-30T22:38:47.741659
8W2SNEMhRr0,HighLoadChannel,success,2025-07-30T22:38:57.230133
x0gbehtGCms,HighLoadChannel,success,2025-07-30T22:39:04.642026
Go9lNL6XZQE,HighLoadChannel,success,2025-07-30T22:39:13.085509
YPS3EsmZPIg,HighLoadChannel,success,2025-07-30T22:39:20.244057
v3m93Xj_BRU,HighLoadChannel,success,2025-07-30T22:39:29.411193
IYxrfnyY5NU,HighLoadChannel,success,2025-07-30T22:39:36.781426
_Is7pt4BC7g,HighLoadChannel,success,2025-07-30T22:40:25.777684
zCuXP_QaxK8,HighLoadChannel,success,2025-07-30T22:40:34.980973
_1GvvL2qLBo,HighLoadChannel,error,2025-07-30T22:40:46.580642
AALxh1mbsTo,HighLoadChannel,error,2025-07-30T22:40:56.251855
ocdzyL7rBUU,HighLoadChannel,error,2025-07-30T22:41:03.789374
RoCRkSXEkl8,HighLoadChannel,error,2025-07-30T22:41:14.751649
Hga5OPvPh-Y,HighLoadChannel,error,2025-07-30T22:41:24.483092
DIhrl3kqM4k,HighLoadChannel,error,2025-07-30T22:41:34.544202
p0fEshK5rKM,HighLoadChannel,error,2025-07-30T22:41:41.255143
elz-KW2rhqA,HighLoadChannel,error,2025-07-30T22:41:48.182627
yyrAH7nl7RM,HighLoadChannel,success,2025-07-30T22:42:55.949818
lzdQzQ5jOA0,HighLoadChannel,success,2025-07-30T22:43:04.498301
jvAScSxtFr4,HighLoadChannel,success,2025-07-30T22:43:13.299019
Z7kv8tYVHx0,HighLoadChannel,success,2025-07-30T22:43:22.641967
XXlrqvi5sFs,HighLoadChannel,success,2025-07-30T22:43:29.246352
VZgwbZYesdI,HighLoadChannel,success,2025-07-30T22:43:37.301732
OgZ3NlS_LtY,HighLoadChannel,success,2025-07-30T22:43:44.932555
ON9HMhzfJVY,HighLoadChannel,success,2025-07-30T22:43:54.250841
KkPeORmyhvQ,HighLoadChannel,success,2025-07-30T22:44:01.347637
JFZt3tAMMOo,HighLoadChannel,success,2025-07-30T22:44:09.282203
IGJdvCSmKT8,HighLoadChannel,success,2025-07-30T22:45:15.989649
8A9G929rQVI,HighLoadChannel,success,2025-07-30T22:45:23.818389
BZZ-Ya3hvTY,HighLoadChannel,success,2025-07-30T22:45:32.543216
w4dLPxa_nK4,HighLoadChannel,success,2025-07-30T22:45:40.186270
vjfM49ntYWA,HighLoadChannel,success,2025-07-30T22:45:49.299960
ro5elDuwrn4,HighLoadChannel,success,2025-07-30T22:45:59.422857
nPiWgV_lBk0,HighLoadChannel,success,2025-07-30T22:46:08.683351
mpdZLISz7Sc,HighLoadChannel,success,2025-07-30T22:46:18.339724
lcwNdofB7v8,HighLoadChannel,success,2025-07-30T22:46:26.669890
iQ91_yGH6XQ,HighLoadChannel,success,2025-07-30T22:46:33.375462
htxvkdho70Y,HighLoadChannel,error,2025-07-30T22:47:22.692699
hNfPPABNAUU,HighLoadChannel,error,2025-07-30T22:47:30.055368
fNZdQ0w37fs,HighLoadChannel,error,2025-07-30T22:47:37.338805
ZC2RviwLgdo,HighLoadChannel,error,2025-07-30T22:47:46.354291
bDXEeoCkHOw,HighLoadChannel,error,2025-07-30T22:47:54.432524
b5ogYsvx7_k,HighLoadChannel,error,2025-07-30T22:48:01.641075
_yrHoRRQcMs,HighLoadChannel,error,2025-07-30T22:48:11.349531
Yy51YHXQUeU,HighLoadChannel,error,2025-07-30T22:48:18.406324
VZ9FhqfsyX0,HighLoadChannel,error,2025-07-30T22:48:27.184648
V033-W6Xxk0,HighLoadChannel,error,2025-07-30T22:48:36.190408
TacYG-E6iq4,HighLoadChannel,error,2025-07-30T22:49:35.009148
SOG7lQonLrQ,HighLoadChannel,error,2025-07-30T22:49:44.538869
OCbUvxfQxMc,HighLoadChannel,error,2025-07-30T22:49:55.912696
D22bZCLZOjQ,HighLoadChannel,error,2025-07-30T22:50:05.883862
8KV7VQUg2zw,HighLoadChannel,error,2025-07-30T22:50:17.154442
GSSYCdnrn_Q,HighLoadChannel,error,2025-07-30T22:50:25.543609
PHWo87yTnWw,HighLoadChannel,error,2025-07-30T22:50:33.980237
KRDGQzY4ByA,HighLoadChannel,error,2025-07-30T22:50:44.919178
HMyChggNbX8,HighLoadChannel,error,2025-07-30T22:50:54.887428
EouOtc5qBlo,HighLoadChannel,error,2025-07-30T22:51:01.939692
Cho7kM2IxHk,HighLoadChannel,error,2025-07-30T22:51:44.063892
0sLlhmB1IkI,HighLoadChannel,error,2025-07-30T22:51:51.116623
zb4Cpvx-HEE,HighLoadChannel,error,2025-07-30T22:52:00.744356
xq9ZaiXaF3I,HighLoadChannel,error,2025-07-30T22:52:08.622426
wsRV7jyM9Gk,HighLoadChannel,error,2025-07-30T22:52:16.801598
wczthZecHXU,HighLoadChannel,error,2025-07-30T22:52:25.390753
udPCzFEuDJ0,HighLoadChannel,error,2025-07-30T22:52:32.034528
r4dE8srS1pU,HighLoadChannel,error,2025-07-30T22:52:41.737388
llmQ8Zetg8k,HighLoadChannel,error,2025-07-30T22:52:50.783968
kokWLDh8GmY,HighLoadChannel,error,2025-07-30T22:52:58.340011
g8gzl6GjZFY,HighLoadChannel,error,2025-07-30T22:53:46.198552
fIjwssKLEKQ,HighLoadChannel,error,2025-07-30T22:53:54.667205
elx2xoZ8o3g,HighLoadChannel,error,2025-07-30T22:54:03.191708
ccR3B5Qu8GM,HighLoadChannel,error,2025-07-30T22:54:12.831555
XtfLrdfLOH0,HighLoadChannel,error,2025-07-30T22:54:19.373653
Wj-Y1pdNiDw,HighLoadChannel,error,2025-07-30T22:54:29.260048
V53lsVO31XQ,HighLoadChannel,error,2025-07-30T22:54:38.550308
TSFVV0zGSBI,HighLoadChannel,error,2025-07-30T22:54:48.990270
RtiJbb8Kz98,HighLoadChannel,error,2025-07-30T22:54:57.429568
RBc0HJYcAyA,HighLoadChannel,error,2025-07-30T22:55:06.193523
FoLFZZXYjds,HighLoadChannel,error,2025-07-30T22:56:03.936070
9AxFBOWow3w,HighLoadChannel,error,2025-07-30T22:56:14.826983
PEv4QpKbVPY,HighLoadChannel,error,2025-07-30T22:56:25.635248
AJCp-Uyi_ak,HighLoadChannel,error,2025-07-30T22:56:32.641283
NmdnaLnCpRA,HighLoadChannel,error,2025-07-30T22:56:41.889819
LgOhfuGAnys,HighLoadChannel,error,2025-07-30T22:56:49.699243
FWsCsRXeAgk,HighLoadChannel,error,2025-07-30T22:57:00.213896
EvzNBr6toWI,HighLoadChannel,error,2025-07-30T22:57:11.155741
Amfy0nWsTf0,HighLoadChannel,error,2025-07-30T22:57:18.511420
4Gz_PPlLTV0,HighLoadChannel,error,2025-07-30T22:57:27.748812
91H76-VKp2s,HighLoadChannel,success,2025-07-30T22:58:16.889199
tXuTQ-qFhbA,HighLoadChannel,success,2025-07-30T22:58:26.995447
n-KcvgCrKHM,HighLoadChannel,success,2025-07-30T22:58:34.074726
wUfKDEVG6eQ,HighLoadChannel,success,2025-07-30T22:58:41.220334
wSoWxr-wA1s,HighLoadChannel,success,2025-07-30T22:58:50.406428
Kt2AWG-NChE,HighLoadChannel,success,2025-07-30T22:59:00.351073
zKPOAdNOQx4,HighLoadChannel,success,2025-07-30T22:59:11.027118
p2MbbFY2LLw,HighLoadChannel,success,2025-07-30T22:59:19.462156
g5irHCb6mU8,HighLoadChannel,success,2025-07-30T22:59:26.561521
jn618J1ife4,HighLoadChannel,success,2025-07-30T22:59:36.417598
Q4ZUbOEwNXs,HighLoadChannel,error,2025-07-30T23:00:40.084862
UD173d_fkJE,HighLoadChannel,error,2025-07-30T23:00:47.457861
zCyHducfOjY,HighLoadChannel,error,2025-07-30T23:00:57.655343
Y1ilKlGbayo,HighLoadChannel,error,2025-07-30T23:01:07.078553
Ubh70M20JFo,HighLoadChannel,error,2025-07-30T23:01:18.112206
7PXLFLewWQA,HighLoadChannel,error,2025-07-30T23:01:26.305553
TfSnSk9kU9M,HighLoadChannel,error,2025-07-30T23:01:35.613315
7CWTKXbALso,HighLoadChannel,error,2025-07-30T23:01:44.667262
1cisOdo_AFY,HighLoadChannel,success,2025-07-30T23:01:55.010808
QQoZrqdvh6g,HighLoadChannel,success,2025-07-30T23:02:04.315843
82JGONT3AOE,HighLoadChannel,success,2025-07-30T23:02:55.759721
8coNiLzOSaA,HighLoadChannel,success,2025-07-30T23:03:03.965459
XtbOcUVVDrY,HighLoadChannel,success,2025-07-30T23:03:13.666128
Mmnzo1kpmDg,HighLoadChannel,success,2025-07-30T23:03:23.516050
JkwS_ojAZ40,HighLoadChannel,success,2025-07-30T23:03:31.789534
-QOBn94u_Qw,HighLoadChannel,success,2025-07-30T23:03:40.764652
8bdD-DqgQ1g,HighLoadChannel,success,2025-07-30T23:03:49.239738
xLNvjlQVN3k,HighLoadChannel,success,2025-07-30T23:03:57.984748
gPYuQ7I-67s,HighLoadChannel,success,2025-07-30T23:04:05.371696
3zZa8zcGr14,HighLoadChannel,success,2025-07-30T23:04:12.713343
l9x2VzImVxc,HighLoadChannel,success,2025-07-30T23:04:56.035823
2xbZ8nOI2lM,HighLoadChannel,success,2025-07-30T23:05:04.306414
SkDHl_g23q4,HighLoadChannel,success,2025-07-30T23:05:12.595789
fWp5r8UrnpI,HighLoadChannel,success,2025-07-30T23:05:20.618031
xnhqffKkP1Y,HighLoadChannel,success,2025-07-30T23:05:29.867242
EjgD9cLCYsM,HighLoadChannel,success,2025-07-30T23:05:59.170098
RBWdNY755Dg,HighLoadChannel,success,2025-07-30T23:06:27.488419
-9miX-E4-qM,HighLoadChannel,success,2025-07-30T23:06:35.795216
gHt1aUC3DKo,HighLoadChannel,success,2025-07-30T23:06:42.871330
xbECtj-iBVk,HighLoadChannel,success,2025-07-30T23:06:52.809223
gAqaEFvV4So,HighLoadChannel,success,2025-07-30T23:07:57.789708
sZu0bsI620o,HighLoadChannel,success,2025-07-30T23:08:08.578526
v_3FiK7BXXA,HighLoadChannel,error,2025-07-30T23:08:16.096626
0DsW-614DPo,HighLoadChannel,error,2025-07-30T23:08:24.598485
CW5YybMziRM,HighLoadChannel,success,2025-07-30T23:08:34.169439
RB4RLNVBnhc,HighLoadChannel,success,2025-07-30T23:08:42.359081
lGE5Bk3O2_c,HighLoadChannel,success,2025-07-30T23:08:49.713143
-6iWRYkeF14,HighLoadChannel,success,2025-07-30T23:08:58.227819
HCmZLYsHfFA,HighLoadChannel,no_subs,2025-07-30T23:09:07.304938
6A7ZfMsHJRM,HighLoadChannel,no_subs,2025-07-30T23:09:16.528021
TTxTCyHQrQo,HighLoadChannel,no_subs,2025-07-30T23:10:09.283323
eR2Ho3TryWE,HighLoadChannel,no_subs,2025-07-30T23:10:17.319439
3N3BQTeNd10,HighLoadChannel,no_subs,2025-07-30T23:10:24.739436
-OVXJej7SrA,HighLoadChannel,error,2025-07-30T23:10:34.624816
U7fZmrO-xZ4,HighLoadChannel,success,2025-07-30T23:10:41.589981
jSC1JCqc74Y,HighLoadChannel,no_subs,2025-07-30T23:10:50.701403
Fzuu5WItl3A,HighLoadChannel,no_subs,2025-07-30T23:11:00.369000
PTr2xHr7nug,HighLoadChannel,no_subs,2025-07-30T23:11:08.225675
grNyiJrPE3w,HighLoadChannel,no_subs,2025-07-30T23:11:17.175814
ubqvp4EtT40,HighLoadChannel,no_subs,2025-07-30T23:11:24.268407
HHy01HMSQmc,DevOops_conf,no_subs,2025-07-31T00:01:18.600873
r5BsyQWYgUo,DevOops_conf,no_subs,2025-07-31T00:01:23.709048
RfjoRMFl598,DevOops_conf,no_subs,2025-07-31T00:01:28.793192
Cp7zZBftGco,DevOops_conf,no_subs,2025-07-31T00:01:33.190752
CmXy8pUNjgU,DevOops_conf,no_subs,2025-07-31T00:01:39.199877
bc5DGJKcuME,DevOops_conf,no_subs,2025-07-31T00:01:45.334860
577eDl_b7a0,DevOops_conf,no_subs,2025-07-31T00:01:49.460285
2YF48jGlJRg,DevOops_conf,no_subs,2025-07-31T00:01:54.331540
4d4PvZoJ6QY,DevOops_conf,no_subs,2025-07-31T00:10:12.576286
7z7C6azdFlM,DevOops_conf,no_subs,2025-07-31T00:10:18.625268
eqosrn8d9d8,DevOops_conf,no_subs,2025-07-31T00:10:24.360692
3puTcBhw25o,DevOops_conf,no_subs,2025-07-31T00:13:06.747305
j2mkEfNlcFE,DevOops_conf,no_subs,2025-07-31T00:13:12.387877
DDWR1Yz84h4,DevOops_conf,no_subs,2025-07-31T00:20:21.359190
sweUQeFSsB8,DevOops_conf,no_subs,2025-07-31T00:20:28.754361
MuXfl8LeaAk,DevOops_conf,no_subs,2025-07-31T00:20:34.198127
oiaYv9afn_8,DevOops_conf,no_subs,2025-07-31T00:20:44.591124
xF__KxtbSIA,DevOops_conf,no_subs,2025-07-31T00:20:50.084368
S3-qcogTeBk,DevOops_conf,no_subs,2025-07-31T00:20:55.743265
D72Ey_g2M4Q,DevOops_conf,no_subs,2025-07-31T00:22:16.677180
hnvOFe02Zwc,DevOops_conf,no_subs,2025-07-31T00:22:22.302221
NZVMe39YM3I,DevOops_conf,no_subs,2025-07-31T00:22:28.919810
1XKuos96EoM,DevOops_conf,no_subs,2025-07-31T00:22:34.592060
GTLNvQKJgUE,DevOops_conf,no_subs,2025-07-31T00:22:41.455775
2ylGp5S1jRE,DevOops_conf,no_subs,2025-07-31T00:22:46.846901
msZXA4waNGQ,DevOops_conf,no_subs,2025-07-31T00:22:52.909439
0TE040zUK1U,DevOops_conf,no_subs,2025-07-31T00:22:58.753925
EAlYDsVorJI,DevOops_conf,no_subs,2025-07-31T00:23:04.548470
K6HtXh-2BPk,DevOops_conf,no_subs,2025-07-31T00:23:10.418236
NRaOzMubeKc,DevOops_conf,no_subs,2025-07-31T00:23:16.015212
vebsAvPUuoU,DevOops_conf,no_subs,2025-07-31T00:23:22.766945
5y_6F1BxGQA,DevOops_conf,no_subs,2025-07-31T00:23:27.204776
3JRlunH6krg,DevOops_conf,no_subs,2025-07-31T00:23:34.151089
FU0WSGTBKtk,DevOops_conf,no_subs,2025-07-31T00:23:39.851968
1JYsQBkkoA4,DevOops_conf,no_subs,2025-07-31T00:23:45.100436
6xZQ85BaE9c,DevOops_conf,no_subs,2025-07-31T00:23:51.361935
u2jxtKa0cZA,DevOops_conf,no_subs,2025-07-31T00:23:57.623532
LabNwsfnz9k,DevOops_conf,no_subs,2025-07-31T00:24:01.878583
zIx633mnBcA,DevOops_conf,no_subs,2025-07-31T00:24:08.991365
tyJoQ803AUs,DevOops_conf,no_subs,2025-07-31T00:24:14.422022
FFO6h6M5-3M,DevOops_conf,no_subs,2025-07-31T00:24:18.618274
g8rE9U7ENyo,DevOops_conf,no_subs,2025-07-31T00:24:23.598547
c0F8I9aXBpY,DevOops_conf,no_subs,2025-07-31T00:24:29.934912
Fa2-CdzY75g,DevOops_conf,no_subs,2025-07-31T00:24:35.548780
nkoVV4I_loQ,DevOops_conf,no_subs,2025-07-31T00:24:41.486284
t2frTB9UObg,DevOops_conf,no_subs,2025-07-31T00:24:47.618861
p9Aih6rGFTM,DevOops_conf,no_subs,2025-07-31T00:24:52.926855
EcBOzkoiYT4,DevOops_conf,no_subs,2025-07-31T00:24:57.384282
Jnxes7WVbHo,DevOops_conf,no_subs,2025-07-31T00:25:01.878822
j75zK_riAUA,DevOops_conf,no_subs,2025-07-31T00:25:06.717211
fnzHq00Gu7E,DevOops_conf,no_subs,2025-07-31T00:25:12.189523
61MfTjNFrV8,DevOops_conf,no_subs,2025-07-31T00:25:16.517364
Q20mUloYn7Y,DevOops_conf,no_subs,2025-07-31T00:25:22.277380
QAg96Ga_xBQ,DevOops_conf,no_subs,2025-07-31T00:25:27.361718
g6iBttPRzG8,DevOops_conf,no_subs,2025-07-31T00:25:32.033416
eqUXKGseibk,DevOops_conf,no_subs,2025-07-31T00:25:38.956106
3ZxJIXIiKE4,DevOops_conf,no_subs,2025-07-31T00:25:43.787755
e_yDjYLjano,DevOops_conf,no_subs,2025-07-31T00:25:49.379163
gPyEJL27J_8,DevOops_conf,no_subs,2025-07-31T00:25:53.642933
uKX8TaLJK6E,DevOops_conf,no_subs,2025-07-31T00:25:59.570790
X6VoSrD2szI,DevOops_conf,no_subs,2025-07-31T00:26:04.779250
_2qFsy745zQ,DevOops_conf,no_subs,2025-07-31T00:26:09.755128
x3p4N4V0tKc,DevOops_conf,no_subs,2025-07-31T00:26:15.638181
QKc67O583YU,DevOops_conf,no_subs,2025-07-31T00:26:22.049624
LbaRr9ZmMoo,DevOops_conf,no_subs,2025-07-31T00:26:27.755328
xgSjfEWjQuQ,DevOops_conf,no_subs,2025-07-31T00:26:33.248932
4YP7n_RU404,DevOops_conf,no_subs,2025-07-31T00:26:38.489943
6gvg-FaGxbs,DevOops_conf,no_subs,2025-07-31T00:26:43.280158
AKgNYEsoo9g,DevOops_conf,no_subs,2025-07-31T00:26:48.672427
fCL9BLFlsCA,DevOops_conf,no_subs,2025-07-31T00:26:53.735633
eQcwMiQumPA,DevOops_conf,no_subs,2025-07-31T00:26:58.920917
Ra0egse6Fk4,DevOops_conf,no_subs,2025-07-31T00:27:04.737752
V1dVPYwPV6M,DevOops_conf,no_subs,2025-07-31T00:27:11.548302
9fuUaVViZIM,DevOops_conf,no_subs,2025-07-31T00:27:17.078814
79F28X9bzYY,DevOops_conf,no_subs,2025-07-31T00:27:23.330135
Vq4frqPgvW8,DevOops_conf,no_subs,2025-07-31T00:27:29.682023
ojr3d52lmow,DevOops_conf,no_subs,2025-07-31T00:27:34.290149
sc6o2BUi4JE,DevOops_conf,no_subs,2025-07-31T00:27:39.490696
qys8vWJvzUw,DevOops_conf,no_subs,2025-07-31T00:27:43.638126
UfZa3nmYhLM,DevOops_conf,no_subs,2025-07-31T00:27:49.031902
K4yKc8CJbdo,DevOops_conf,no_subs,2025-07-31T00:27:54.824182
DizhAGTq30w,DevOops_conf,no_subs,2025-07-31T00:28:00.666573
J59E5oSe1WA,DevOops_conf,no_subs,2025-07-31T00:28:06.174114
rIZiiKzaIBQ,DevOops_conf,no_subs,2025-07-31T00:28:10.714872
PFnkHYS12Ig,DevOops_conf,no_subs,2025-07-31T00:28:17.058306
un2Ld3uctMM,DevOops_conf,no_subs,2025-07-31T00:28:23.260634
LWUSFYU5JMQ,DevOops_conf,no_subs,2025-07-31T00:28:28.173760
GGa0x6iKeU0,DevOops_conf,no_subs,2025-07-31T00:28:32.516812
zOmDwV1Zlbo,DevOops_conf,no_subs,2025-07-31T00:28:37.756454
cVPYboKqR7k,DevOops_conf,no_subs,2025-07-31T00:28:42.969307
ukXD3t_abOI,DevOops_conf,no_subs,2025-07-31T00:28:50.267387
a1HR-d5rZvg,DevOops_conf,no_subs,2025-07-31T00:28:57.336553
biD1uMryYsI,DevOops_conf,no_subs,2025-07-31T00:29:01.923684
6rt8QR8vvgs,DevOops_conf,no_subs,2025-07-31T00:29:07.623109
XoofhMGcCAM,DevOops_conf,no_subs,2025-07-31T00:29:12.744099
rVVju-FZXbw,DevOops_conf,no_subs,2025-07-31T00:29:17.281684
itPaIJ8pvlM,DevOops_conf,no_subs,2025-07-31T00:29:22.878284
hSXpUj_RkEI,DevOops_conf,no_subs,2025-07-31T00:29:28.989298
foDWdY9GFtI,DevOops_conf,no_subs,2025-07-31T00:29:35.666210
fEjmrZJCN1s,DevOops_conf,no_subs,2025-07-31T00:29:41.976680
9gVQQNmwA9Y,DevOops_conf,no_subs,2025-07-31T00:29:47.960757
yYqPdZrus1E,DevOops_conf,no_subs,2025-07-31T00:29:51.991720
ugLUoDoEuZg,DevOops_conf,no_subs,2025-07-31T00:29:57.080272
shtDtGzekRw,DevOops_conf,no_subs,2025-07-31T00:30:01.845259
oQHUh2hCXD8,DevOops_conf,no_subs,2025-07-31T00:30:06.745974
blJcY0Z4e3g,DevOops_conf,no_subs,2025-07-31T00:30:11.795952
bWp5Jaq_IEk,DevOops_conf,no_subs,2025-07-31T00:30:15.930340
ar3pElU1oTM,DevOops_conf,no_subs,2025-07-31T00:30:21.806979
XNPfWdwWrnM,DevOops_conf,no_subs,2025-07-31T00:30:27.304466
QM8yNwgWF1E,DevOops_conf,no_subs,2025-07-31T00:30:33.283524
JC9FaXod0OU,DevOops_conf,no_subs,2025-07-31T00:30:38.272626
HOIkjDIesWs,DevOops_conf,no_subs,2025-07-31T00:30:42.162411
7vMSyXhE1w4,DevOops_conf,no_subs,2025-07-31T00:30:49.229957
2qiUbXP9l84,DevOops_conf,no_subs,2025-07-31T00:30:54.445283
1uhfChFSktQ,DevOops_conf,no_subs,2025-07-31T00:30:59.686445
4l10ECiINTk,DevOops_conf,no_subs,2025-07-31T00:31:05.082857
bduIHD-dzWI,DevOops_conf,no_subs,2025-07-31T00:31:11.372806
npYJ2IfdYMw,DevOops_conf,no_subs,2025-07-31T00:31:18.091017
xQaAXA9jCno,DevOops_conf,no_subs,2025-07-31T00:31:22.698892
UHD0q8QW_rM,DevOops_conf,no_subs,2025-07-31T00:31:27.156734
ng9zi5F8WjE,DevOops_conf,no_subs,2025-07-31T00:31:33.062158
Kr8gcPUpI1w,DevOops_conf,no_subs,2025-07-31T00:31:39.082591
xp2oVLk2sTs,DevOops_conf,no_subs,2025-07-31T00:31:45.006240
nMXmSRSCEgg,DevOops_conf,no_subs,2025-07-31T00:31:50.338748
9Jvvoi4jeyY,DevOops_conf,no_subs,2025-07-31T00:31:55.477167
xFUGyFC7jlg,DevOops_conf,no_subs,2025-07-31T00:32:00.655495
awAqh8v0_EE,DevOops_conf,no_subs,2025-07-31T00:32:07.786595
lc95pkCNyrE,DevOops_conf,no_subs,2025-07-31T00:32:13.872479
hVad9SUd9hY,DevOops_conf,no_subs,2025-07-31T00:32:19.222356
72wxPffzNvk,DevOops_conf,no_subs,2025-07-31T00:32:24.529939
zZoY0TTvyjs,DevOops_conf,no_subs,2025-07-31T00:32:30.286470
4d4PvZoJ6QY,DevOops_conf,no_subs,2025-07-31T00:35:34.811380
7z7C6azdFlM,DevOops_conf,no_subs,2025-07-31T00:35:40.636496
eqosrn8d9d8,DevOops_conf,no_subs,2025-07-31T00:35:47.369237
4d4PvZoJ6QY,DevOops_conf,no_subs,2025-07-31T11:03:07.791701
7z7C6azdFlM,DevOops_conf,no_subs,2025-07-31T11:03:13.032518
4d4PvZoJ6QY,DevOops_conf,no_subs,2025-07-31T11:04:01.123096
7z7C6azdFlM,DevOops_conf,no_subs,2025-07-31T11:04:06.782371
eqosrn8d9d8,DevOops_conf,no_subs,2025-07-31T11:04:12.971238
3puTcBhw25o,DevOops_conf,no_subs,2025-07-31T11:04:19.591168
j2mkEfNlcFE,DevOops_conf,no_subs,2025-07-31T11:04:25.738517
DDWR1Yz84h4,DevOops_conf,no_subs,2025-07-31T11:04:31.992050
sweUQeFSsB8,DevOops_conf,no_subs,2025-07-31T11:04:36.553199
4d4PvZoJ6QY,DevOops_conf,no_subs,2025-07-31T11:11:09.266320
7z7C6azdFlM,DevOops_conf,no_subs,2025-07-31T11:11:14.924285
eqosrn8d9d8,DevOops_conf,no_subs,2025-07-31T11:11:19.832252
3puTcBhw25o,DevOops_conf,no_subs,2025-07-31T11:11:24.500752
j2mkEfNlcFE,DevOops_conf,no_subs,2025-07-31T11:11:30.136456
DDWR1Yz84h4,DevOops_conf,no_subs,2025-07-31T11:11:35.604136
sweUQeFSsB8,DevOops_conf,no_subs,2025-07-31T11:11:41.394774
MuXfl8LeaAk,DevOops_conf,no_subs,2025-07-31T11:11:46.528026
oiaYv9afn_8,DevOops_conf,no_subs,2025-07-31T11:11:51.783535
4d4PvZoJ6QY,DevOops_conf,no_subs,2025-07-31T11:20:55.211233
7z7C6azdFlM,DevOops_conf,no_subs,2025-07-31T11:21:01.970818
